{"nodes":{"node:1":{"location":{"x":-193,"y":88}},"node:10":{"location":{"x":-238,"y":504}},"node:16":{"location":{"x":88,"y":42}},"node:20":{"location":{"x":344,"y":152}},"node:27":{"location":{"x":1028,"y":329}},"node:30":{"location":{"x":1204,"y":458}},"node:32":{"location":{"x":868,"y":538}},"node:34":{"group_size":{"x":384,"y":154},"location":{"x":112,"y":576}},"node:35":{"group_size":{"x":640,"y":400},"location":{"x":800,"y":224}},"node:36":{"location":{"x":366,"y":652}},"node:40":{"location":{"x":144,"y":652}},"node:44":{"location":{"x":-372,"y":681}},"node:46":{"location":{"x":-69,"y":652}},"node:5":{"location":{"x":-300,"y":351}},"node:50":{"location":{"x":500,"y":-70}},"node:53":{"location":{"x":500,"y":42}}},"selection":null,"view":{"scroll":{"x":-530.48822021484375,"y":-98.1424636840820312},"visible_rect":{"max":{"x":1101.2093505859375,"y":378.286041259765625},"min":{"x":-424.390594482421875,"y":-78.5139694213867188}},"zoom":1.25}}