{"nodes":{"node:1":{"location":{"x":-744,"y":-43}},"node:10":{"location":{"x":-377,"y":323}},"node:16":{"location":{"x":136,"y":-136}},"node:20":{"location":{"x":-406,"y":-237}},"node:27":{"location":{"x":1028,"y":329}},"node:30":{"location":{"x":1204,"y":458}},"node:32":{"location":{"x":868,"y":538}},"node:34":{"group_size":{"x":94,"y":0},"location":{"x":112,"y":576}},"node:35":{"group_size":{"x":94,"y":0},"location":{"x":816,"y":96}},"node:36":{"location":{"x":366,"y":652}},"node:40":{"location":{"x":144,"y":652}},"node:44":{"location":{"x":-348,"y":698}},"node:46":{"location":{"x":-69,"y":652}},"node:5":{"location":{"x":-439,"y":170}},"node:50":{"location":{"x":500,"y":-70}},"node:53":{"location":{"x":500,"y":42}}},"selection":null,"view":{"scroll":{"x":-784.39788818359375,"y":-501.519683837890625},"visible_rect":{"max":{"x":499.35986328125,"y":169.096542358398438},"min":{"x":-383.039337158203125,"y":-244.903457641601562}},"zoom":2.04782605171203613}}